-- MySQL Script generated by MySQL Workbench
-- Tue Dec 22 23:30:24 2020
-- Model: New Model    Version: 1.0
-- MySQL Workbench Forward Engineering

SET @OLD_UNIQUE_CHECKS=@@UNIQUE_CHECKS, UNIQUE_CHECKS=0;
SET @OLD_FOREIGN_KEY_CHECKS=@@FOREIGN_KEY_CHECKS, FOREIGN_KEY_CHECKS=0;
SET @OLD_SQL_MODE=@@SQL_MODE, SQL_MODE='ONLY_FULL_GROUP_BY,STRICT_TRANS_TABLES,NO_ZERO_IN_DATE,NO_ZERO_DATE,ERROR_FOR_DIVISION_BY_ZERO,NO_ENGINE_SUBSTITUTION';

-- -----------------------------------------------------
-- Schema mydb
-- -----------------------------------------------------

-- -----------------------------------------------------
-- Table `PRAVA`
-- -----------------------------------------------------
DROP TABLE IF EXISTS `PRAVA` ;

CREATE TABLE IF NOT EXISTS `PRAVA` (
                                       `id_prava` INT NOT NULL,
                                       `typ_prava` VARCHAR(45) NOT NULL,
                                       PRIMARY KEY (`id_prava`))
    ENGINE = InnoDB;


-- -----------------------------------------------------
-- Table `USER`
-- -----------------------------------------------------
DROP TABLE IF EXISTS `USER` ;

CREATE TABLE IF NOT EXISTS `USER` (
                                      `id_user` INT NOT NULL AUTO_INCREMENT,
                                      `email` VARCHAR(45) NOT NULL,
                                      `username` VARCHAR(45) NOT NULL,
                                      `password` VARCHAR(70) NOT NULL,
                                      `PRAVA_id_prava` INT NOT NULL,
                                      PRIMARY KEY (`id_user`),
                                      INDEX `fk_USER_PRAVA1_idx` (`PRAVA_id_prava` ASC),
                                      CONSTRAINT `fk_USER_PRAVA1`
                                          FOREIGN KEY (`PRAVA_id_prava`)
                                              REFERENCES `PRAVA` (`id_prava`)
                                              ON DELETE CASCADE
                                              ON UPDATE CASCADE)
    ENGINE = InnoDB;


-- -----------------------------------------------------
-- Table `SLUZBY`
-- -----------------------------------------------------
DROP TABLE IF EXISTS `SLUZBY` ;

CREATE TABLE IF NOT EXISTS `SLUZBY` (
                                      `id_sluzba` INT NOT NULL AUTO_INCREMENT,
                                      `typ_sluzby` VARCHAR(45) NOT NULL,
                                      `cena` INT NOT NULL,
                                      PRIMARY KEY (`id_sluzba`))
    ENGINE = InnoDB;


-- -----------------------------------------------------
-- Table `OBJEDNAVKA`
-- -----------------------------------------------------
DROP TABLE IF EXISTS `OBJEDNAVKA` ;

CREATE TABLE IF NOT EXISTS `OBJEDNAVKA` (
                                            `id_objednavky` INT NOT NULL,
                                            `datum_vytvoreni` DATE NOT NULL,
                                            `USER_id_user` INT NOT NULL,
                                            `schvalena` TINYINT NOT NULL,
                                            PRIMARY KEY (`id_objednavky`),
                                            INDEX `fk_OBJEDNAVKA_USER1_idx` (`USER_id_user` ASC),
                                            CONSTRAINT `fk_OBJEDNAVKA_USER1`
                                                FOREIGN KEY (`USER_id_user`)
                                                    REFERENCES `USER` (`id_user`)
                                                    ON DELETE CASCADE
                                                    ON UPDATE CASCADE)
    ENGINE = InnoDB;



-- -----------------------------------------------------
-- Table `OBJEDNAVKY_SLUZBY`
-- -----------------------------------------------------
DROP TABLE IF EXISTS `OBJEDNAVKY_SLUZBY` ;

CREATE TABLE IF NOT EXISTS `OBJEDNAVKY_SLUZBY` (
                                                 `SLUZBY_id_sluzba` INT NOT NULL,
                                                 `OBJEDNAVKA_id_objednavky` INT NOT NULL,
                                                 `pocet` INT NOT NULL,
                                                 PRIMARY KEY (`SLUZBY_id_sluzba`, `OBJEDNAVKA_id_objednavky`),
                                                 INDEX `fk_table1_OBJEDNAVKA1_idx` (`OBJEDNAVKA_id_objednavky` ASC),
                                                 CONSTRAINT `fk_table1_SLUZBY1`
                                                     FOREIGN KEY (`SLUZBY_id_sluzba`)
                                                         REFERENCES `SLUZBY` (`id_sluzba`)
                                                         ON DELETE CASCADE
                                                         ON UPDATE CASCADE,
                                                 CONSTRAINT `fk_table1_OBJEDNAVKA1`
                                                     FOREIGN KEY (`OBJEDNAVKA_id_objednavky`)
                                                         REFERENCES `OBJEDNAVKA` (`id_objednavky`)
                                                         ON DELETE CASCADE
                                                         ON UPDATE CASCADE)
    ENGINE = InnoDB;


SET SQL_MODE=@OLD_SQL_MODE;
SET FOREIGN_KEY_CHECKS=@OLD_FOREIGN_KEY_CHECKS;
SET UNIQUE_CHECKS=@OLD_UNIQUE_CHECKS;

-- -----------------------------------------------------
-- Data for table `PRAVA`
-- -----------------------------------------------------
START TRANSACTION;
INSERT INTO `PRAVA` (`id_prava`, `typ_prava`) VALUES (1, 'Admin');
INSERT INTO `PRAVA` (`id_prava`, `typ_prava`) VALUES (2, 'Zaměstnanec');
INSERT INTO `PRAVA` (`id_prava`, `typ_prava`) VALUES (3, 'Uživatel');

COMMIT;


-- -----------------------------------------------------
-- Data for table `USER`
-- -----------------------------------------------------

START TRANSACTION;

INSERT INTO `USER` (`id_user`, `email`, `username`, `password`, `PRAVA_id_prava`) VALUES (1, 'spravce@seznam.cz', 'admin', 'admin', 1);
INSERT INTO `USER` (`id_user`, `email`, `username`, `password`, `PRAVA_id_prava`) VALUES (2, 'zamestnanec@seznam.cz', 'zamestnanec', 'zamestnanec', 2);
INSERT INTO `USER` (`id_user`, `email`, `username`, `password`, `PRAVA_id_prava`) VALUES (3, 'uzivatel@seznam.cz', 'uzivatel','uzivatel', 3);
INSERT INTO `USER` (`id_user`, `email`, `username`, `password`, `PRAVA_id_prava`) VALUES (4, 'chudy@pracujici.cz', 'chupr', '987', 2);
INSERT INTO `USER` (`id_user`, `email`, `username`, `password`, `PRAVA_id_prava`) VALUES (5, 'leonardo@daVinci.cz', 'leo', '123', 3);


COMMIT;


-- -----------------------------------------------------
-- Data for table `SLUZBY`
-- -----------------------------------------------------
START TRANSACTION;
INSERT INTO `SLUZBY` (`id_sluzba`, `typ_sluzby`, `cena`) VALUES (1, 'První konzultace', 0);
INSERT INTO `SLUZBY` (`id_sluzba`, `typ_sluzby`, `cena`) VALUES (2, 'Návrh na oddlužení', 4000);
INSERT INTO `SLUZBY` (`id_sluzba`, `typ_sluzby`, `cena`) VALUES (3, 'Právní rozbor', 1800);
INSERT INTO `SLUZBY` (`id_sluzba`, `typ_sluzby`, `cena`) VALUES (4, 'Zastupování před soudem', 6000);
INSERT INTO `SLUZBY` (`id_sluzba`, `typ_sluzby`, `cena`) VALUES (5, 'Sepsání smlouvy', 2800);
INSERT INTO `SLUZBY` (`id_sluzba`, `typ_sluzby`, `cena`) VALUES (6, 'Legalizace podpisu', 200);
INSERT INTO `SLUZBY` (`id_sluzba`, `typ_sluzby`, `cena`) VALUES (7, 'Vidimace textu', 500);
INSERT INTO `SLUZBY` (`id_sluzba`, `typ_sluzby`, `cena`) VALUES (8, 'Překlad právního textu', 1000);
INSERT INTO `SLUZBY` (`id_sluzba`, `typ_sluzby`, `cena`) VALUES (9, 'Dárkový poukaz', 1000);


COMMIT;

-- -----------------------------------------------------
-- Data for table `OBJEDNAVKA`
-- -----------------------------------------------------
START TRANSACTION;
INSERT INTO `OBJEDNAVKA` (`id_objednavky`, `datum_vytvoreni`, `USER_id_user`,  `schvalena`) VALUES (1, '1.2.2022', 3, 0);
INSERT INTO `OBJEDNAVKA` (`id_objednavky`, `datum_vytvoreni`, `USER_id_user`,  `schvalena`) VALUES (2, '3.5.2021', 4,  0);
INSERT INTO `OBJEDNAVKA` (`id_objednavky`, `datum_vytvoreni`, `USER_id_user`,  `schvalena`) VALUES (3, '28.1.2020', 4,  0);
INSERT INTO `OBJEDNAVKA` (`id_objednavky`, `datum_vytvoreni`, `USER_id_user`, `schvalena`) VALUES (4, '21.10.2022', 5,  1);
INSERT INTO `OBJEDNAVKA` (`id_objednavky`, `datum_vytvoreni`, `USER_id_user`, `schvalena`) VALUES (5, '20.01.2019', 4,  0);
INSERT INTO `OBJEDNAVKA` (`id_objednavky`, `datum_vytvoreni`, `USER_id_user`, `schvalena`) VALUES (6, '01.11.2018', 4,  0);
INSERT INTO `OBJEDNAVKA` (`id_objednavky`, `datum_vytvoreni`, `USER_id_user`, `schvalena`) VALUES (7, '02.06.2021', 4,  1);

COMMIT;


-- -----------------------------------------------------
-- Data for table `OBJEDNAVKY_SLUZBY`
-- -----------------------------------------------------
START TRANSACTION;
INSERT INTO `OBJEDNAVKY_SLUZBY` (`SLUZBY_id_sluzba`, `OBJEDNAVKA_id_objednavky`, `pocet`) VALUES (3, 1, 2);
INSERT INTO `OBJEDNAVKY_SLUZBY` (`SLUZBY_id_sluzba`, `OBJEDNAVKA_id_objednavky`, `pocet`) VALUES (1, 1, 3);
INSERT INTO `OBJEDNAVKY_SLUZBY` (`SLUZBY_id_sluzba`, `OBJEDNAVKA_id_objednavky`, `pocet`) VALUES (5, 2, 1);
INSERT INTO `OBJEDNAVKY_SLUZBY` (`SLUZBY_id_sluzba`, `OBJEDNAVKA_id_objednavky`, `pocet`) VALUES (3, 2, 2);
INSERT INTO `OBJEDNAVKY_SLUZBY` (`SLUZBY_id_sluzba`, `OBJEDNAVKA_id_objednavky`, `pocet`) VALUES (2, 3, 1);
INSERT INTO `OBJEDNAVKY_SLUZBY` (`SLUZBY_id_sluzba`, `OBJEDNAVKA_id_objednavky`, `pocet`) VALUES (1, 3, 3);
INSERT INTO `OBJEDNAVKY_SLUZBY` (`SLUZBY_id_sluzba`, `OBJEDNAVKA_id_objednavky`, `pocet`) VALUES (4, 4, 4);
INSERT INTO `OBJEDNAVKY_SLUZBY` (`SLUZBY_id_sluzba`, `OBJEDNAVKA_id_objednavky`, `pocet`) VALUES (5, 4, 1);

COMMIT;

